"tool_id","purpose","read_write","Revit category","inputs","outputs","side_effects","validation","status","source_file"
"add_prefix_suffix","Add prefix/suffix to parameter values. Preview with dryRun=true.","WRITE","Dynamic category/categories","parameterName:string; prefix?:string; suffix?:string; separator?:string=""""; categories?:array; scope?:enum=""whole_model""; skipEmpty?:boolean=true; filterValue?:string; dryRun?:boolean=true","tool/rawTool response wrapping Revit command result or structured error","Mutates Revit model/view or creates an external file","Zod input schema; command/plugin checks; dryRun preview available","KEEP + route through policy/audit wrapper","server/src/tools/add_prefix_suffix.ts"
"add_shared_parameter","Add a shared parameter from the shared parameter file to categories.","WRITE","Dynamic category/categories","parameterName:schema; groupName:schema; categories:string; isInstance?:schema=true; parameterGroup?:schema","tool/rawTool response wrapping Revit command result or structured error","Mutates Revit model/view or creates an external file","Zod input schema; command/plugin checks","KEEP + route through policy/audit wrapper","server/src/tools/add_shared_parameter.ts"
"ai_element_filter","An intelligent Revit element querying tool designed specifically for AI assistants to retrieve detailed element information from Revit projects. This tool allows the AI to request elements matching specific criteria (such as category, type, visibility, or spatial location) and then perform further analysis on the returned data to answer complex user queries about Revit model elements. Example: When a user asks 'Find all walls taller than 5m in the project', the AI would: 1) Call this tool with parameters: {""filterCategory"": ""OST_Walls"", ""includeInstances"": true}, 2) Receive detailed information about all wall instances in the project, 3) Process the returned data to filter walls with height > 5000mm, 4) Present the filtered results to the user with relevant details. GUIDANCE: - Find all doors on Level 1: category=""Doors"", parameterFilters=[{name:""Level"", value:""Level 1""}] - Find walls by type: category=""Walls"", parameterFilters=[{name:""Type"", value:""Generic - 200mm""}] - Find rooms by department: category=""Rooms"", parameterFilters=[{name:""Department"", value:""Office""}] TIPS: - Most powerful query tool — supports multi-parameter filtering - Returns element IDs for use with other tools (modify, delete, set_parameters) - Use export_elements_data for tabular data extraction instead - Combine with operate_element to select/highlight filtered results","READ","Generic / input-selected","data?:object=false; compact?:schema=false","tool/rawTool response wrapping Revit command result or structured error","None expected","Zod input schema; command/plugin checks","KEEP","server/src/tools/ai_element_filter.ts"
"align_viewports","Align viewports across sheets by placement or model coordinates.","WRITE","Sheets / viewports","sourceViewportId:number; targetViewportIds:array; alignMode?:enum","tool/rawTool response wrapping Revit command result or structured error","Mutates Revit model/view or creates an external file","Zod input schema; command/plugin checks","KEEP + route through policy/audit wrapper","server/src/tools/align_viewports.ts"
"analyze_model_statistics","Analyze model complexity with element counts. Returns detailed statistics about the Revit model including total element counts, total types, total families, views, sheets, counts by category (with type/family breakdown), and level-by-level element distribution. Useful for model auditing, performance analysis, and understanding model composition. GUIDANCE: - Model overview: element counts by category, type, family, and level - Quality check: identify categories with unexpected element counts - Pre-audit: run before check_model_health for a quick complexity assessment TIPS: - Useful for understanding model scope before detailed operations - Compare counts across levels to check consistency - Large element counts may indicate modeling issues","READ","Generic / input-selected","includeDetailedTypes?:schema=true; compact?:schema=false","tool/rawTool response wrapping Revit command result or structured error","None expected","Zod input schema; command/plugin checks","KEEP","server/src/tools/analyze_model_statistics.ts"
"apply_view_template","Apply or remove a view template on one or more views.","WRITE","Views","action?:schema; viewIds?:number; templateId?:schema; templateName?:schema","tool/rawTool response wrapping Revit command result or structured error","Mutates Revit model/view or creates an external file","Zod input schema; command/plugin checks","KEEP + route through policy/audit wrapper","server/src/tools/apply_view_template.ts"
"audit_families","Comprehensive family audit: health score, unused families, in-place families, instance counts per family/type, category breakdown, and cleanup recommendations. GUIDANCE: - Full audit: call with no parameters for comprehensive family analysis - Filter by category: categoryFilter=""Doors"" to audit only specific category - Include unused: includeUnused=true (default) shows families with zero instances TIPS: - Health score factors: unused families, in-place families, CAD imports - Recommendations include specific cleanup actions - Use purge_unused to remove families flagged as unused - Category breakdown shows which areas need most attention","READ","Dynamic category/categories","includeUnused?:boolean; categoryFilter?:string","tool/rawTool response wrapping Revit command result or structured error","None expected","Zod input schema; command/plugin checks","KEEP","server/src/tools/audit_families.ts"
"batch_create_sheets","Create multiple sheets at once with title blocks and optional view placement. Each sheet can have its own number, name, title block, and views to place. GUIDANCE: - Create multiple sheets: provide array of {sheetNumber, sheetName, titleBlockName} - Auto-sequence: use a numbering pattern like A101, A102, A103 - With views: optionally specify viewIds to auto-place on each sheet TIPS: - Sheet numbers must be unique — check existing sheets first - Use get_available_family_types with ""Title Blocks"" to find title block names - Use place_viewport after creation to position views on sheets - Use align_viewports to align view positions across multiple sheets","WRITE","Sheets / viewports","sheets?:object; defaultTitleBlockName?:schema","tool/rawTool response wrapping Revit command result or structured error","Mutates Revit model/view or creates an external file","Zod input schema; command/plugin checks","KEEP + route through policy/audit wrapper","server/src/tools/batch_create_sheets.ts"
"batch_export","Export multiple views/sheets to PDF, DWG, DXF, DGN, or image formats.","READ","Generic / input-selected","format:schema; sheetIds?:number; viewIds?:number; exportPath?:schema; paperSize?:schema","tool/rawTool response wrapping Revit command result or structured error","No Revit mutation; may write an export file","Zod input schema; command/plugin checks","KEEP","server/src/tools/batch_export.ts"
"batch_modify_view_range","Batch-modify view range (cut plane, top, bottom) for plan views.","WRITE","Views","viewIds:array; topOffsetMm?:number; cutPlaneOffsetMm?:number; bottomOffsetMm?:number; viewDepthOffsetMm?:number","tool/rawTool response wrapping Revit command result or structured error","Mutates Revit model/view or creates an external file","Zod input schema; command/plugin checks","KEEP + route through policy/audit wrapper","server/src/tools/batch_modify_view_range.ts"
"batch_rename","Batch rename elements using find/replace, prefix, suffix, or regex.","WRITE","Generic / input-selected","elementIds?:number; targetCategory?:schema; findText?:schema; replaceText?:schema; prefix?:schema; suffix?:schema; dryRun?:schema","tool/rawTool response wrapping Revit command result or structured error","Mutates Revit model/view or creates an external file","Zod input schema; command/plugin checks; dryRun preview available","KEEP + route through policy/audit wrapper","server/src/tools/batch_rename.ts"
"bulk_modify_parameter_values","Bulk set, prefix, suffix, find/replace, or clear parameter values.","WRITE","Dynamic category/categories","elementIds?:array; categoryName?:string; parameterName:string; operation:enum; value?:string; findText?:string; replaceText?:string; onlyEmpty?:boolean; dryRun?:boolean=true","tool/rawTool response wrapping Revit command result or structured error","Mutates Revit model/view or creates an external file","Zod input schema; command/plugin checks; dryRun preview available","KEEP + route through policy/audit wrapper","server/src/tools/bulk_modify_parameter_values.ts"
"cad_link_cleanup","Analyze and clean up imported/linked CAD files in the model.","MIXED","Generic / input-selected","action?:schema; deleteImports?:schema; deleteLinks?:schema; elementIds?:number","tool/rawTool response wrapping Revit command result or structured error","Depends on action; may mutate Revit","Zod input schema; command/plugin checks","KEEP + route through policy/audit wrapper","server/src/tools/cad_link_cleanup.ts"
"calculate_rai","Calculate Rapporto Aeroilluminante (RAI) — window-to-floor area ratio per Italian building code DM 5/7/1975. Checks compliance against minimum threshold (default 1/8 = 0.125). Returns per-room breakdown with window details, areas in m², and compliance status.","READ","Rooms","roomIds?:number; roomNumbers?:string; levelName?:schema; minRatio?:schema=0.125; includeServiceRooms?:schema=false; phaseName?:schema; ratioOverrides?:string","tool/rawTool response wrapping Revit command result or structured error","None expected","Zod input schema; command/plugin checks","KEEP","server/src/tools/calculate_rai.ts"
"change_element_type","Change the family type of one or more elements.","WRITE","Generic / input-selected","elementIds:number; targetTypeId?:schema; targetTypeName?:schema; targetFamilyName?:schema","tool/rawTool response wrapping Revit command result or structured error","Mutates Revit model/view or creates an external file","Zod input schema; command/plugin checks","KEEP + route through policy/audit wrapper","server/src/tools/change_element_type.ts"
"check_family_health","Analyze loaded families for file size, import issues, and naming.","READ","Families / types","categories?:array; includeSystemFamilies?:boolean=false; includeFileSize?:boolean=false; sortBy?:enum=""size""","tool/rawTool response wrapping Revit command result or structured error","None expected","Zod input schema; command/plugin checks","KEEP","server/src/tools/check_family_health.ts"
"check_model_health","Comprehensive BIM model health audit. Returns a health score (0-100), grade (A-F), and detailed breakdown: warnings count and top 10 types, in-place families, imported CAD, unplaced rooms, unused views, detail lines. Includes actionable recommendations. Use this to assess model quality before delivery or identify cleanup priorities. GUIDANCE: - Full audit: call with no parameters for comprehensive model health check - Returns health score (0-100), grade (A-F), and specific recommendations - Run periodically during model development for quality assurance TIPS: - Score includes: warnings count, unused families, CAD imports, in-place families - Use audit_families for detailed family-level health analysis - Use get_warnings for the full list of Revit warnings - Address high-impact issues (score deductions > 10 points) first","READ","Generic / input-selected","","tool/rawTool response wrapping Revit command result or structured error","None expected","Zod input schema; command/plugin checks","KEEP","server/src/tools/check_model_health.ts"
"clash_detection","Detect geometric intersections (clashes) between two sets of elements. Specify by category names (e.g., 'Ducts' vs 'StructuralFraming') or specific element IDs. Returns pairs of clashing elements. GUIDANCE: - Check wall-pipe clashes: category1=""Walls"", category2=""Pipes"" - MEP coordination: category1=""Ducts"", category2=""Structural Framing"" - Full model check: provide two categories to check for intersections TIPS: - Returns pairs of clashing element IDs with intersection details - Use operate_element to highlight/isolate clashing elements - Focus on critical clashes (structural vs MEP) first - Combine with section_box_from_selection to zoom into clash locations","READ","Dynamic category/categories","categoryA?:schema; categoryB?:schema; elementIdsA?:number; elementIdsB?:number; tolerance?:schema; maxResults?:schema","tool/rawTool response wrapping Revit command result or structured error","None expected","Zod input schema; command/plugin checks","KEEP","server/src/tools/clash_detection.ts"
"clear_parameter_values","Clear parameter values on elements by category, view, or selection.","WRITE","Dynamic category/categories","parameterName:string; categories?:array; scope?:enum=""whole_model""; filterValue?:string; parameterType?:enum=""instance""; dryRun?:boolean=true","tool/rawTool response wrapping Revit command result or structured error","Mutates Revit model/view or creates an external file","Zod input schema; command/plugin checks; dryRun preview available","KEEP + route through policy/audit wrapper","server/src/tools/clear_parameter_values.ts"
"color_elements","Colorize elements by parameter value with auto or custom colors.","WRITE","Dynamic category/categories","categoryName:schema; parameterName:schema; useGradient?:schema=false; customColors?:object","tool/rawTool response wrapping Revit command result or structured error","Mutates Revit model/view or creates an external file","Zod input schema; command/plugin checks","KEEP + route through policy/audit wrapper","server/src/tools/color_elements.ts"
"copy_elements","Copy elements with translation offset, optionally to another level.","WRITE","Generic / input-selected","elementIds:number; sourceViewId:schema; targetViewId:schema; offsetX?:schema; offsetY?:schema; offsetZ?:schema","tool/rawTool response wrapping Revit command result or structured error","Mutates Revit model/view or creates an external file","Zod input schema; command/plugin checks","KEEP + route through policy/audit wrapper","server/src/tools/copy_elements.ts"
"create_array","Create linear or radial arrays of elements.","WRITE","Generic / input-selected","elementIds:number; arrayType:schema; count:schema; spacingX?:schema; spacingY?:schema; spacingZ?:schema; centerX?:schema; centerY?:schema; totalAngle?:schema","tool/rawTool response wrapping Revit command result or structured error","Mutates Revit model/view or creates an external file","Zod input schema; command/plugin checks","KEEP + route through policy/audit wrapper","server/src/tools/create_array.ts"
"create_callout_from_rooms","Create callout views from rooms with auto-naming and crop regions.","WRITE","Rooms","roomIds?:array; levelName?:string; offset?:number=300; viewTemplateId?:string; scale?:number=50","tool/rawTool response wrapping Revit command result or structured error","Mutates Revit model/view or creates an external file","Zod input schema; command/plugin checks","KEEP + route through policy/audit wrapper","server/src/tools/create_callout_from_rooms.ts"
"create_color_legend","Color-code elements by parameter and place a color legend on a sheet.","WRITE","Dynamic category/categories","parameterName:string; categories?:array; colorScheme?:enum; customColors?:array; createLegendView?:boolean; legendTitle?:string; targetViewId?:number","tool/rawTool response wrapping Revit command result or structured error","Mutates Revit model/view or creates an external file","Zod input schema; command/plugin checks","KEEP + route through policy/audit wrapper","server/src/tools/create_color_legend.ts"
"create_dimensions","Create dimension lines between references or elements.","WRITE","Dimensions","dimensions?:object=""Linear""","tool/rawTool response wrapping Revit command result or structured error","Mutates Revit model/view or creates an external file","Zod input schema; command/plugin checks","KEEP + route through policy/audit wrapper","server/src/tools/create_dimensions.ts"
"create_door_schedule_by_room","Create a Door Schedule organized by room with family, type, and dimensions","WRITE","Rooms","name?:schema; includeToRoom?:schema=true","tool/rawTool response wrapping Revit command result or structured error","Mutates Revit model/view or creates an external file","Zod input schema; command/plugin checks","KEEP + route through policy/audit wrapper","server/src/tools/create_door_schedule_by_room.ts"
"create_elevations_from_rooms","Create interior elevation views for rooms (N/S/E/W).","WRITE","Rooms","roomIds?:array; viewType?:enum; directions?:array; scale?:number; offset?:number; viewTemplateId?:number; namingPattern?:string","tool/rawTool response wrapping Revit command result or structured error","Mutates Revit model/view or creates an external file","Zod input schema; command/plugin checks","KEEP + route through policy/audit wrapper","server/src/tools/create_elevations_from_rooms.ts"
"create_filled_region","Create a filled region in a view from boundary points.","WRITE","Generic / input-selected","boundaryPoints:object; viewId?:schema; filledRegionTypeName?:schema","tool/rawTool response wrapping Revit command result or structured error","Mutates Revit model/view or creates an external file","Zod input schema; command/plugin checks","KEEP + route through policy/audit wrapper","server/src/tools/create_filled_region.ts"
"create_floor","Create a floor element from boundary points on a level.","WRITE","Floors","boundaryPoints?:schema; roomId?:schema; floorTypeName?:schema; levelElevation?:schema; isStructural?:schema","tool/rawTool response wrapping Revit command result or structured error","Mutates Revit model/view or creates an external file","Zod input schema; command/plugin checks","KEEP + route through policy/audit wrapper","server/src/tools/create_floor.ts"
"create_grid","Create grid lines (linear or arc) with optional naming pattern.","WRITE","Grids","xCount:schema; xSpacing:schema; xStartLabel:schema=""A""; xNamingStyle:schema=""alphabetic""; yCount:schema; ySpacing:schema; yStartLabel:schema=""1""; yNamingStyle:schema=""numeric""; xExtentMin:schema=0; xExtentMax:schema=50000; yExtentMin:schema=0; yExtentMax:schema=50000; elevation:schema=0; xStartPosition:schema=0; yStartPosition:schema=0","tool/rawTool response wrapping Revit command result or structured error","Mutates Revit model/view or creates an external file","Zod input schema; command/plugin checks","KEEP + route through policy/audit wrapper","server/src/tools/create_grid.ts"
"create_level","Create new levels at specified elevations.","WRITE","Levels","data?:object=true","tool/rawTool response wrapping Revit command result or structured error","Mutates Revit model/view or creates an external file","Zod input schema; command/plugin checks","KEEP + route through policy/audit wrapper","server/src/tools/create_level.ts"
"create_line_based_element","Create line-based elements (walls, beams, pipes, ducts, etc.).","WRITE","Generic / input-selected","data?:object","tool/rawTool response wrapping Revit command result or structured error","Mutates Revit model/view or creates an external file","Zod input schema; command/plugin checks","KEEP + route through policy/audit wrapper","server/src/tools/create_line_based_element.ts"
"create_material","Create a new material or duplicate an existing one. Optionally set color, transparency, and class.","WRITE","Materials","name:string; duplicateFrom?:schema; colorR?:schema; colorG?:schema; colorB?:schema; transparency?:schema; shininess?:schema; smoothness?:schema; materialClass?:schema","tool/rawTool response wrapping Revit command result or structured error","Mutates Revit model/view or creates an external file","Zod input schema; command/plugin checks","KEEP + route through policy/audit wrapper","server/src/tools/create_material.ts"
"create_material_takeoff_schedule","Create a Material Takeoff schedule with quantities by category","WRITE","Schedules","name?:schema; categoryName:schema","tool/rawTool response wrapping Revit command result or structured error","Mutates Revit model/view or creates an external file","Zod input schema; command/plugin checks","KEEP + route through policy/audit wrapper","server/src/tools/create_material_takeoff_schedule.ts"
"create_placeholder_sheets","Create multiple placeholder sheets with sequential numbering.","MIXED","Sheets / viewports","action:schema; sheets?:object; sheetIds?:number; titleBlockId?:schema","tool/rawTool response wrapping Revit command result or structured error","Depends on action; may mutate Revit","Zod input schema; command/plugin checks","KEEP + route through policy/audit wrapper","server/src/tools/create_placeholder_sheets.ts"
"create_point_based_element","Place point-based family instances at coordinates.","WRITE","Generic / input-selected","data?:object=false","tool/rawTool response wrapping Revit command result or structured error","Mutates Revit model/view or creates an external file","Zod input schema; command/plugin checks","KEEP + route through policy/audit wrapper","server/src/tools/create_point_based_element.ts"
"create_revision","List, create, or assign revisions to sheets.","MIXED","Generic / input-selected","action?:schema; date?:string; description?:string; issuedBy?:string; issuedTo?:string; sheetIds?:number","tool/rawTool response wrapping Revit command result or structured error","Depends on action; may mutate Revit","Zod input schema; command/plugin checks","KEEP + route through policy/audit wrapper","server/src/tools/create_revision.ts"
"create_room","Create rooms at specified locations with optional parameters.","WRITE","Rooms","data?:object","tool/rawTool response wrapping Revit command result or structured error","Mutates Revit model/view or creates an external file","Zod input schema; command/plugin checks","KEEP + route through policy/audit wrapper","server/src/tools/create_room.ts"
"create_room_finish_schedule","Create a Room Finish Schedule with Number, Name, Level, Area, and finish fields","WRITE","Rooms","name?:schema; levelFilter?:schema","tool/rawTool response wrapping Revit command result or structured error","Mutates Revit model/view or creates an external file","Zod input schema; command/plugin checks","KEEP + route through policy/audit wrapper","server/src/tools/create_room_finish_schedule.ts"
"create_schedule","Create native Revit schedule with all types (regular, key, material takeoff, sheet/view list, etc.), presets, fields, filters, sorting, grouping, and display options.","WRITE","Schedules","categoryName:schema; name?:string; preset?:schema; scheduleType?:schema=""regular""; familyId?:schema; fields?:object; filters?:object; sortFields?:object; groupFields?:object; isItemized?:schema; showGrandTotal?:schema; showGrandTotalCount?:schema; grandTotalTitle?:schema; includeLinkedFiles?:schema; showTitle?:schema; showHeaders?:schema; showGridLines?:schema","tool/rawTool response wrapping Revit command result or structured error","Mutates Revit model/view or creates an external file","Zod input schema; command/plugin checks","KEEP + route through policy/audit wrapper","server/src/tools/create_schedule.ts"
"create_sheet","Create a new sheet with a title block.","WRITE","Sheets / viewports","sheetNumber?:schema; sheetName?:string; titleBlockFamilyName?:schema; titleBlockTypeName?:schema; titleBlockTypeId?:schema","tool/rawTool response wrapping Revit command result or structured error","Mutates Revit model/view or creates an external file","Zod input schema; command/plugin checks","KEEP + route through policy/audit wrapper","server/src/tools/create_sheet.ts"
"create_sheet_list_schedule","Create a Sheet List schedule with sheet numbers, names, and revision info","WRITE","Schedules","name?:schema","tool/rawTool response wrapping Revit command result or structured error","Mutates Revit model/view or creates an external file","Zod input schema; command/plugin checks","KEEP + route through policy/audit wrapper","server/src/tools/create_sheet_list_schedule.ts"
"create_structural_framing_system","Create a beam system from boundary lines on a level.","WRITE","Generic / input-selected","levelName:schema; xMin:schema; xMax:schema; yMin:schema; yMax:schema; spacing:schema; directionEdge:schema=""bottom""; layoutRule:schema=""fixed_distance""; justify:schema=""center""; beamTypeName?:schema; elevation:schema=0; is3d:schema=false","tool/rawTool response wrapping Revit command result or structured error","Mutates Revit model/view or creates an external file","Zod input schema; command/plugin checks","KEEP + route through policy/audit wrapper","server/src/tools/create_structural_framing_system.ts"
"create_surface_based_element","Create surface-based elements (floors, ceilings, roofs) from points.","WRITE","Generic / input-selected","data?:object","tool/rawTool response wrapping Revit command result or structured error","Mutates Revit model/view or creates an external file","Zod input schema; command/plugin checks","KEEP + route through policy/audit wrapper","server/src/tools/create_surface_based_element.ts"
"create_text_note","Create a text note in a view at specified coordinates.","WRITE","Generic / input-selected","textNotes?:object","tool/rawTool response wrapping Revit command result or structured error","Mutates Revit model/view or creates an external file","Zod input schema; command/plugin checks","KEEP + route through policy/audit wrapper","server/src/tools/create_text_note.ts"
"create_view","Create floor plan, ceiling plan, section, elevation, or 3D views.","WRITE","Views","viewType:schema; name?:string; levelElevation?:schema; scale?:schema; detailLevel?:schema; direction?:number; viewFamilyTypeName?:schema","tool/rawTool response wrapping Revit command result or structured error","Mutates Revit model/view or creates an external file","Zod input schema; command/plugin checks","KEEP + route through policy/audit wrapper","server/src/tools/create_view.ts"
"create_view_filter","Create, apply, or list view filters with parameter-based rules.","MIXED","Views","action:schema; filterName?:schema; categoryNames?:string; parameterName?:schema; filterRule?:schema; filterValue?:schema; viewId?:schema; colorR?:number; colorG?:number; colorB?:number; isVisible?:schema","tool/rawTool response wrapping Revit command result or structured error","Depends on action; may mutate Revit","Zod input schema; command/plugin checks","KEEP + route through policy/audit wrapper","server/src/tools/create_view_filter.ts"
"create_view_list_schedule","Create a View List schedule with view names, types, scales, and sheet placement","WRITE","Schedules","name?:schema","tool/rawTool response wrapping Revit command result or structured error","Mutates Revit model/view or creates an external file","Zod input schema; command/plugin checks","KEEP + route through policy/audit wrapper","server/src/tools/create_view_list_schedule.ts"
"create_view_template","Create a new view template from an existing view. Copies all view settings (scale, detail level, visibility, overrides).","WRITE","Views","templateName:string; sourceViewId?:number; sourceViewName?:string","tool/rawTool response wrapping Revit command result or structured error","Mutates Revit model/view or creates an external file","Zod input schema; command/plugin checks","KEEP + route through policy/audit wrapper","server/src/tools/create_view_template.ts"
"create_views_from_rooms","Automatically create Callout, Section, or Elevation views from rooms. Each room gets views fitted to its boundary with configurable offset. Supports custom naming patterns with {RoomNumber}, {RoomName}, {Level} placeholders. GUIDANCE: - Callout views: viewType=""callout"" — creates cropped plan views per room - Section views: viewType=""section"" — creates sections through each room - Elevation views: viewType=""elevation"" — creates 4 interior elevations per room - All rooms: set allRooms=true or provide specific roomIds TIPS: - Use export_room_data first to see available rooms and their IDs - Naming pattern supports: {RoomNumber}, {RoomName}, {Level} placeholders - Apply view templates after creation with apply_view_template - Created views can be placed on sheets with place_viewport","WRITE","Rooms","roomIds?:array; allRooms?:boolean; viewType?:enum; offsetMm?:number; scale?:number; detailLevel?:enum; viewTemplateName?:string; namingPattern?:string","tool/rawTool response wrapping Revit command result or structured error","Mutates Revit model/view or creates an external file","Zod input schema; command/plugin checks","KEEP + route through policy/audit wrapper","server/src/tools/create_views_from_rooms.ts"
"create_window_schedule_by_room","Create a Window Schedule organized by room with family, type, dimensions, and sill/head heights","WRITE","Rooms","name?:schema","tool/rawTool response wrapping Revit command result or structured error","Mutates Revit model/view or creates an external file","Zod input schema; command/plugin checks","KEEP + route through policy/audit wrapper","server/src/tools/create_window_schedule_by_room.ts"
"create_workset","Create a new user workset in the current workshared project.","WRITE","Worksets","name:schema","tool/rawTool response wrapping Revit command result or structured error","Mutates Revit model/view or creates an external file","Zod input schema; command/plugin checks","KEEP + route through policy/audit wrapper","server/src/tools/create_workset.ts"
"delete_element","Delete elements by ID with optional dryRun preview.","WRITE","Generic / input-selected","elementIds:number; dryRun?:schema","tool/rawTool response wrapping Revit command result or structured error","Mutates Revit model/view or creates an external file","Zod input schema; command/plugin checks; dryRun preview available","KEEP + route through policy/audit wrapper","server/src/tools/delete_element.ts"
"delete_schedule","Delete a Revit schedule by ID or name. Requires confirm=true to proceed.","WRITE","Schedules","scheduleId?:schema; scheduleName?:schema; confirm:schema","tool/rawTool response wrapping Revit command result or structured error","Mutates Revit model/view or creates an external file","Zod plus confirm=true","KEEP + route through policy/audit wrapper","server/src/tools/delete_schedule.ts"
"delete_selection","Delete currently selected elements with optional dryRun preview.","WRITE","Generic / input-selected","name:schema","tool/rawTool response wrapping Revit command result or structured error","Mutates Revit model/view or creates an external file","Zod input schema; command/plugin checks","KEEP + route through policy/audit wrapper","server/src/tools/delete_selection.ts"
"delete_workset","Delete a user workset and move its elements to another workset. Requires user confirmation.","WRITE","Worksets","worksetName:string; moveToWorksetName:schema","tool/rawTool response wrapping Revit command result or structured error","Mutates Revit model/view or creates an external file","Zod input schema; command/plugin checks","KEEP + route through policy/audit wrapper","server/src/tools/delete_workset.ts"
"duplicate_schedule","Duplicate a Revit schedule by ID or name with a new name.","WRITE","Schedules","scheduleId?:schema; scheduleName?:schema; newName:schema","tool/rawTool response wrapping Revit command result or structured error","Mutates Revit model/view or creates an external file","Zod input schema; command/plugin checks","KEEP + route through policy/audit wrapper","server/src/tools/duplicate_schedule.ts"
"duplicate_sheet_with_content","Duplicate a sheet including all annotations and detail items.","WRITE","Sheets / viewports","sheetId:number; copies?:number; duplicateViews?:boolean; keepLegends?:boolean; keepSchedules?:boolean; copyRevisions?:boolean; sheetNumberPrefix?:string; sheetNumberSuffix?:string","tool/rawTool response wrapping Revit command result or structured error","Mutates Revit model/view or creates an external file","Zod input schema; command/plugin checks","KEEP + route through policy/audit wrapper","server/src/tools/duplicate_sheet_with_content.ts"
"duplicate_sheet_with_views","Duplicate a sheet and its placed views onto a new sheet.","WRITE","Sheets / viewports","sheetId:number; copies?:number=1; duplicateViews?:boolean=true; keepLegends?:boolean=true; keepSchedules?:boolean=true; newSheetNumberPrefix?:string; viewDuplicateOption?:enum=""DuplicateWithDetailing""","tool/rawTool response wrapping Revit command result or structured error","Mutates Revit model/view or creates an external file","Zod input schema; command/plugin checks","KEEP + route through policy/audit wrapper","server/src/tools/duplicate_sheet_with_views.ts"
"duplicate_view","Duplicate a view (independent, dependent, or with detailing).","WRITE","Views","viewIds:number; duplicateOption?:schema; newNamePrefix?:schema; newNameSuffix?:schema","tool/rawTool response wrapping Revit command result or structured error","Mutates Revit model/view or creates an external file","Zod input schema; command/plugin checks","KEEP + route through policy/audit wrapper","server/src/tools/duplicate_view.ts"
"export_elements_data","Export elements by category with selected parameters. Returns columns + rows in JSON or CSV. Default limit is 100 elements. Response includes truncated:true and totalCount when results are limited. TOKEN OPTIMIZATION: Always specify parameterNames to return only needed columns — this skips expensive parameter discovery and dramatically reduces response size. GUIDANCE: Core data-extraction workflow: - Export all doors with Mark, Level, Width, Height: categories=[""Doors""], parameterNames=[""Mark"",""Level"",""Width"",""Height""] - Get all walls including type info: categories=[""Walls""], includeTypeParameters=true - Filter rooms with area > 20 m²: categories=[""Rooms""], filterParameterName=""Area"", filterValue=""20"", filterOperator=""greater_than"" - Export ALL parameters of every element in a category: categories=[""Furniture""], parameterNames=[] (omit for all params) - Get a CSV ready for Excel editing: outputFormat=""csv"" QUICK PROMPTS: - ""export all [category] data"" → use that category, omit parameterNames for all params - ""compare [category] type parameters"" → includeTypeParameters=true - ""find elements where [param]=[value]"" → filterParameterName + filterValue + filterOperator - ""edit parameters in bulk"" → export first, then pass rows to sync_csv_parameters","READ","Dynamic category/categories","categories?:string; parameterNames?:string; includeTypeParameters?:schema=false; includeElementId?:schema=true; outputFormat?:schema=""json""; maxElements?:schema=100; filterParameterName?:schema; filterValue?:schema; filterOperator?:schema=""equals""","tool/rawTool response wrapping Revit command result or structured error","No Revit mutation; may write an export file","Zod input schema; command/plugin checks","KEEP","server/src/tools/export_elements_data.ts"
"export_families","Export loaded families as .rfa files to a folder.","READ","Dynamic category/categories","outputDirectory:schema; categories?:string; groupByCategory?:schema=true; overwrite?:schema=false","tool/rawTool response wrapping Revit command result or structured error","No Revit mutation; may write an export file","Zod input schema; command/plugin checks","KEEP","server/src/tools/export_families.ts"
"export_room_data","Export room data from the current Revit project. Returns detailed information about each room including name, number, level, area, volume, perimeter, department, and more. Useful for generating room schedules, space analysis, and facility management data. OPTIMIZATION: - Use 'maxResults' to limit rooms returned (default 100). Response includes truncated flag and totalCount. GUIDANCE: - Get all rooms: returns name, number, area, volume, level, department, boundaries - Use room data for space analysis, area calculations, or BIM validation - Room boundaries can be used with create_floor to auto-generate floors TIPS: - Only returns placed rooms with valid area > 0 - Area and volume are in the project's display units - Combine with create_views_from_rooms to auto-create room views - Use get_elements_in_spatial_volume to find what's inside each room","READ","Rooms","includeUnplacedRooms?:schema=false; includeNotEnclosedRooms?:schema=false; maxResults?:schema=100","tool/rawTool response wrapping Revit command result or structured error","No Revit mutation; may write an export file","Zod input schema; command/plugin checks","KEEP","server/src/tools/export_room_data.ts"
"export_schedule","Export a schedule view to CSV/TSV/TXT.","READ","Schedules","scheduleId:schema; exportPath?:schema; delimiter?:schema; includeHeaders?:schema","tool/rawTool response wrapping Revit command result or structured error","No Revit mutation; may write an export file","Zod input schema; command/plugin checks","KEEP","server/src/tools/export_schedule.ts"
"export_shared_parameter_file","Export the shared parameter file contents as structured data.","READ","Dynamic category/categories","filePath?:string","tool/rawTool response wrapping Revit command result or structured error","No Revit mutation; may write an export file","Zod input schema; command/plugin checks","KEEP","server/src/tools/export_shared_parameter_file.ts"
"export_to_excel","Export elements by category to an Excel (.xlsx) file with color-coded columns. Column colors: green=instance parameter, yellow=type parameter, red=read-only. File is saved to the specified path or Desktop by default. GUIDANCE: - ""Export all doors to Excel"": categories=[""Doors""] - ""Export walls with Mark, Width, Height to Excel"": categories=[""Walls""], parameterNames=[""Mark"",""Width"",""Height""] - ""Export everything including type parameters"": includeTypeParameters=true - ""Save to specific path"": filePath=""C:/Exports/doors.xlsx""","READ","Dynamic category/categories","categories?:array; parameterNames?:array; includeTypeParameters?:boolean=false; includeElementId?:boolean=true; filePath?:string; sheetName?:string=""Export""; colorCodeColumns?:boolean=true; maxElements?:number=10000","tool/rawTool response wrapping Revit command result or structured error","No Revit mutation; may write an export file","Zod input schema; command/plugin checks","KEEP","server/src/tools/export_to_excel.ts"
"filter_by_parameter_value","Filter and select elements by parameter value conditions.","READ","Dynamic category/categories","categories:string; parameterName:schema; condition:enum; value?:schema; caseSensitive?:boolean=false; scope?:schema=""whole_model""; parameterType?:schema=""both""; returnParameters?:string","tool/rawTool response wrapping Revit command result or structured error","None expected","Zod input schema; command/plugin checks","KEEP","server/src/tools/filter_by_parameter_value.ts"
"find_undimensioned_elements","Find elements in the active view (or a specified view) that are not referenced by any dimension. Useful for QA/QC audits to ensure all structural and architectural elements are properly dimensioned.","READ","Dimensions","categories?:string; viewId?:schema; limit?:schema","tool/rawTool response wrapping Revit command result or structured error","None expected","Zod input schema; command/plugin checks","KEEP","server/src/tools/find_undimensioned_elements.ts"
"find_untagged_elements","Find elements in the active view (or a specified view) that do not have any tags. Useful for QA/QC audits to ensure all required elements are properly tagged before issuing drawings.","READ","Dynamic category/categories","categories?:string; viewId?:schema; limit?:schema","tool/rawTool response wrapping Revit command result or structured error","None expected","Zod input schema; command/plugin checks","KEEP","server/src/tools/find_untagged_elements.ts"
"get_available_family_types","Get available family types in the current Revit project. You can filter by category and family name, and limit the number of returned types. GUIDANCE: - Find wall types: categoryFilter=""Walls"" — returns all available wall families and types - Find door types: categoryFilter=""Doors"" — needed before create_point_based_element - Search all families: omit filter to see every loaded family type TIPS: - Always call this before creating elements to get exact family/type names - Use load_family to load additional families from .rfa files - Family names are case-sensitive — copy exact names from results","READ","Families / types","categoryList?:string; familyNameFilter?:schema; limit?:schema; compact?:schema=false","tool/rawTool response wrapping Revit command result or structured error","None expected","Zod input schema; command/plugin checks","KEEP","server/src/tools/get_available_family_types.ts"
"get_compound_structure","Get the compound structure (layer stratigraphy) of a system family type (wall, floor, roof, ceiling). Returns all layers with thickness, material, and function.","READ","Dynamic category/categories","typeId?:schema; typeName?:schema; category?:schema","tool/rawTool response wrapping Revit command result or structured error","None expected","Zod input schema; command/plugin checks","KEEP","server/src/tools/get_compound_structure.ts"
"get_connection_status","Read connection status, active Revit model identity, NBS project, missing parameter bindings, the sync defaults (link mode, fields) the user saved for this model in Revit Settings > NBS Nordic, and the official NBS addin's own Link Type (nativeLinkType code, decoded as nativeLinkMode). Never returns API keys.","READ","NBS / project metadata","","rawToolResponse/rawToolError with NBS/Revit JSON summary","None expected","Zod input schema; command/plugin checks","KEEP","server/src/tools/nbs_project_connection.ts"
"get_current_view_elements","Get elements from the current active view in Revit. You can filter by model categories (like Walls, Floors) or annotation categories (like Dimensions, Text). Use includeHidden to show/hide invisible elements and limit to control the number of returned elements. GUIDANCE: - See what's in the active view: call with no parameters - Filter by category: use categoryFilter to narrow results (e.g. ""Walls"", ""Doors"") - Use before operate_element to find elements to select/hide/isolate TIPS: - Returns element IDs, names, categories — use these IDs with other tools - Large views may return many elements — use categoryFilter to limit results - Combine with get_element_parameters to inspect specific elements","READ","Views","modelCategoryList?:string; annotationCategoryList?:string; includeHidden?:schema; limit?:schema","tool/rawTool response wrapping Revit command result or structured error","None expected","Zod input schema; command/plugin checks","KEEP","server/src/tools/get_current_view_elements.ts"
"get_current_view_info","Get details about the active view (type, scale, crop, etc.).","READ","Views","","tool/rawTool response wrapping Revit command result or structured error","None expected","Zod input schema; command/plugin checks","KEEP","server/src/tools/get_current_view_info.ts"
"get_element_parameters","Get all parameters (instance and type) of one or more Revit elements by their IDs. Returns parameter names, values, storage types, and whether they are read-only or shared. GUIDANCE: - Inspect single element: provide elementId to see all instance + type parameters - Discover parameter names: useful before export_elements_data or set_element_parameters - Check current values before modifying with set_element_parameters TIPS: - Returns both instance and type parameters with current values - Parameter names from this tool can be used in set_element_parameters, export_elements_data, create_schedule - Read-only parameters are marked — these cannot be modified","READ","Dynamic category/categories","elementIds:number; includeTypeParameters?:schema; compact?:schema=false","tool/rawTool response wrapping Revit command result or structured error","None expected","Zod input schema; command/plugin checks","KEEP","server/src/tools/get_element_parameters.ts"
"get_elements_by_workset","Get all elements belonging to a specific workset, with category summary and optional filtering.","READ","Worksets","worksetName:schema; categoryFilter?:string; maxElements?:schema","tool/rawTool response wrapping Revit command result or structured error","None expected","Zod input schema; command/plugin checks","KEEP","server/src/tools/get_elements_by_workset.ts"
"get_elements_in_spatial_volume","Find all elements contained within spatial volumes: rooms, areas, or a custom bounding box. Returns elements grouped by volume with category, family, and type info. Use categoryFilter to narrow results. GUIDANCE: - Elements in a room: volumeType=""room"", volumeIds=[roomId] - Elements in area: volumeType=""area"", volumeIds=[areaId] - Custom bounding box: volumeType=""custom"", provide min/max XYZ in mm - Filter by category: categoryFilter=[""Furniture"",""Doors""] to limit results TIPS: - Great for room-based quantity takeoffs - Use export_room_data to get room IDs first - CategoryFilter narrows results to specific element types - Combine with export_elements_data for detailed parameter extraction","READ","Dynamic category/categories","volumeIds?:array; volumeType?:enum; categoryFilter?:array; customMinX?:number; customMinY?:number; customMinZ?:number; customMaxX?:number; customMaxY?:number; customMaxZ?:number; maxElementsPerVolume?:number=100","tool/rawTool response wrapping Revit command result or structured error","None expected","Zod input schema; command/plugin checks","KEEP","server/src/tools/get_elements_in_spatial_volume.ts"
"get_linked_elements","Query elements from linked Revit models by category.","READ","Dynamic category/categories","linkName?:string; categories?:array; parameterNames?:array; maxElements?:number=5000","tool/rawTool response wrapping Revit command result or structured error","None expected","Zod input schema; command/plugin checks","KEEP","server/src/tools/get_linked_elements.ts"
"get_material_properties","Get detailed physical/thermal properties of a material.","READ","Materials","materialId?:schema; materialName?:schema","tool/rawTool response wrapping Revit command result or structured error","None expected","Zod input schema; command/plugin checks","KEEP","server/src/tools/get_material_properties.ts"
"get_material_quantities","Calculate material quantities and takeoffs from the current Revit project. Returns detailed information about each material including name, class, area, volume, and element counts. Useful for cost estimation, material ordering, and sustainability analysis. GUIDANCE: - Material takeoff: returns areas and volumes per material across selected categories - Cost estimation: combine quantities with material costs - Compare alternatives: run for different design options TIPS: - Filter by category for focused takeoffs (e.g. just walls or floors) - Values are in project display units (m², m³ or ft², ft³) - Use get_materials and get_material_properties for material details","READ","Materials","categoryFilters?:string; selectedElementsOnly?:schema=false; maxResults?:schema=50","tool/rawTool response wrapping Revit command result or structured error","None expected","Zod input schema; command/plugin checks","KEEP","server/src/tools/get_material_quantities.ts"
"get_materials","List materials in the project, optionally filtered by class.","READ","Materials","materialClass?:schema; nameFilter?:schema","tool/rawTool response wrapping Revit command result or structured error","None expected","Zod input schema; command/plugin checks","KEEP","server/src/tools/get_materials.ts"
"get_phases","List all phases in the project with their sequence order.","READ","Generic / input-selected","includePhaseFilters?:schema","tool/rawTool response wrapping Revit command result or structured error","None expected","Zod input schema; command/plugin checks","KEEP","server/src/tools/get_phases.ts"
"get_project_info","Get comprehensive project information from the active Revit document, including project metadata, phases, worksets, Revit links, and levels. GUIDANCE: - Project overview: returns project name, address, levels, phases, worksets, links - Check levels before creating views or placing elements - Verify worksets and phases for proper element organization TIPS: - Call this first in a new project to understand structure - Level names are needed for create_view, create_level, and element placement - Phase information is important for renovation/phasing workflows","READ","Generic / input-selected","includePhases?:schema; includeWorksets?:schema; includeLinks?:schema; includeLevels?:schema; compact?:schema=false","tool/rawTool response wrapping Revit command result or structured error","None expected","Zod input schema; command/plugin checks","KEEP","server/src/tools/get_project_info.ts"
"get_room_openings","Find doors and/or windows in rooms with full parameter extraction. Fast phase-aware lookup via FromRoom/ToRoom.","READ","Rooms","roomIds?:number; roomNumbers?:string; levelName?:schema; elementType?:schema=""both""; includeRoomParams?:schema=false; includeElementParams?:schema=false; parameterNames?:string; maxElementsPerRoom?:schema=100","tool/rawTool response wrapping Revit command result or structured error","None expected","Zod input schema; command/plugin checks","KEEP","server/src/tools/get_room_openings.ts"
"get_schedule_data","Read data from an existing schedule view.","READ","Schedules","scheduleId?:schema; maxRows?:schema","tool/rawTool response wrapping Revit command result or structured error","None expected","Zod input schema; command/plugin checks","KEEP","server/src/tools/get_schedule_data.ts"
"get_selected_elements","Get info about currently selected elements in Revit.","READ","Generic / input-selected","limit?:schema","tool/rawTool response wrapping Revit command result or structured error","None expected","Zod input schema; command/plugin checks","KEEP","server/src/tools/get_selected_elements.ts"
"get_shared_parameters","List shared parameters and their category bindings.","READ","Dynamic category/categories","categoryFilter?:schema","tool/rawTool response wrapping Revit command result or structured error","None expected","Zod input schema; command/plugin checks","KEEP","server/src/tools/get_shared_parameters.ts"
"get_warnings","Get all warnings/errors in the current Revit model. Warnings indicate issues like duplicate elements, overlapping geometry, room separation problems, etc. Useful for model health auditing and quality control. GUIDANCE: - Model health check: returns all Revit warnings/errors - Quality audit: identify duplicate elements, overlapping geometry, etc. - Pre-submission review: fix warnings before model delivery TIPS: - Warnings don't prevent work but indicate potential issues - Common warnings: duplicate instances, room not enclosed, overlapping walls - Use check_model_health for a comprehensive scored audit - Fix high-severity warnings first","READ","Dynamic category/categories","severityFilter?:schema; maxWarnings?:schema; categoryFilter?:schema","tool/rawTool response wrapping Revit command result or structured error","None expected","Zod input schema; command/plugin checks","KEEP","server/src/tools/get_warnings.ts"
"get_worksets","List worksets with element counts and open/close status.","READ","Worksets","includeSystemWorksets?:schema","tool/rawTool response wrapping Revit command result or structured error","None expected","Zod input schema; command/plugin checks","KEEP","server/src/tools/get_worksets.ts"
"import_from_excel","Import data from Excel into Revit element parameters.","WRITE","Generic / input-selected","filePath:string; sheetName?:string; dryRun?:boolean=true","tool/rawTool response wrapping Revit command result or structured error","Mutates Revit model/view or creates an external file","Zod input schema; command/plugin checks; dryRun preview available","KEEP + route through policy/audit wrapper","server/src/tools/import_from_excel.ts"
"import_table","Import a table (CSV/JSON) and apply values to element parameters.","WRITE","Generic / input-selected","filePath:schema; delimiter?:schema="",""; viewType?:schema=""drafting""; viewName?:schema; scale?:schema=1; textSize?:schema=2.0; includeHeaders?:schema=true","tool/rawTool response wrapping Revit command result or structured error","Mutates Revit model/view or creates an external file","Zod input schema; command/plugin checks","KEEP + route through policy/audit wrapper","server/src/tools/import_table.ts"
"lines_per_view_count","Count detail lines and model lines per view across the project. Helps identify views with excessive line work that may impact performance. Results sorted by total line count descending.","READ","Views","threshold?:schema; includeDetailLines?:schema; includeModelLines?:schema; limit?:schema","tool/rawTool response wrapping Revit command result or structured error","None expected","Zod input schema; command/plugin checks","KEEP","server/src/tools/lines_per_view_count.ts"
"list_family_sizes","List all families in the project with their instance count, type count, and metadata. Helps identify bloated families (too many types), unused families (zero instances), and in-place families that may impact performance.","READ","Families / types","limit?:schema; sortBy?:schema; categories?:string","tool/rawTool response wrapping Revit command result or structured error","None expected","Zod input schema; command/plugin checks","KEEP","server/src/tools/list_family_sizes.ts"
"list_schedulable_fields","List all available schedule fields for a given Revit category. Use before creating schedules to discover valid field names.","READ","Dynamic category/categories","categoryName:schema; scheduleType?:schema=""regular""","tool/rawTool response wrapping Revit command result or structured error","None expected","Zod input schema; command/plugin checks","KEEP","server/src/tools/list_schedulable_fields.ts"
"load_family","Load a .rfa family, list loaded families, or duplicate a type.","MIXED","Families / types","action:schema; familyPath?:schema; categoryFilter?:schema; sourceTypeId?:schema; newTypeName?:schema","tool/rawTool response wrapping Revit command result or structured error","Depends on action; may mutate Revit","Zod input schema; command/plugin checks","KEEP + route through policy/audit wrapper","server/src/tools/load_family.ts"
"load_selection","Load a previously saved element selection by name.","WRITE","Generic / input-selected","name?:schema; selectInView?:schema=true","tool/rawTool response wrapping Revit command result or structured error","Mutates Revit model/view or creates an external file","Zod input schema; command/plugin checks","KEEP + route through policy/audit wrapper","server/src/tools/load_selection.ts"
"manage_links","List, reload, unload, or remove linked Revit/CAD/IFC files.","MIXED","Generic / input-selected","action:schema; linkId?:schema","tool/rawTool response wrapping Revit command result or structured error","Depends on action; may mutate Revit","Zod input schema; command/plugin checks","KEEP + route through policy/audit wrapper","server/src/tools/manage_links.ts"
"manage_project_parameters","Add, list, or delete project parameters with category bindings.","MIXED","Dynamic category/categories","action:schema; parameterName?:schema; dataType?:schema=""Text""; groupUnder?:schema=""PG_IDENTITY_DATA""; isInstance?:schema=true; categories?:string; isShared?:schema=false","tool/rawTool response wrapping Revit command result or structured error","Depends on action; may mutate Revit","Zod input schema; command/plugin checks","KEEP + route through policy/audit wrapper","server/src/tools/manage_project_parameters.ts"
"manage_unplaced_views","List or delete views not placed on any sheet.","MIXED","Views","action?:schema=""list""; viewTypes?:enum; filterName?:schema; excludeNames?:string; dryRun?:schema=true; maxResults?:schema=500","tool/rawTool response wrapping Revit command result or structured error","Depends on action; may mutate Revit","Zod input schema; command/plugin checks; dryRun preview available","KEEP + route through policy/audit wrapper","server/src/tools/manage_unplaced_views.ts"
"manage_view_templates","List, create, apply, or modify view templates.","MIXED","Views","action:enum; templateIds?:array; newName?:string; findText?:string; replaceText?:string; filterViewType?:string","tool/rawTool response wrapping Revit command result or structured error","Depends on action; may mutate Revit","Zod input schema; command/plugin checks","KEEP + route through policy/audit wrapper","server/src/tools/manage_view_templates.ts"
"match_element_properties","Copy parameter values from a source element to target elements.","WRITE","Generic / input-selected","sourceElementId:schema; targetElementIds:number; parameterNames?:string; includeTypeParameters?:schema","tool/rawTool response wrapping Revit command result or structured error","Mutates Revit model/view or creates an external file","Zod input schema; command/plugin checks","KEEP + route through policy/audit wrapper","server/src/tools/match_element_properties.ts"
"measure_between_elements","Measure distance between two elements or points.","READ","Generic / input-selected","elementId1?:number; elementId2?:number; point1?:schema; point2?:schema; measureType?:schema=""center_to_center""","tool/rawTool response wrapping Revit command result or structured error","None expected","Zod input schema; command/plugin checks","KEEP","server/src/tools/measure_between_elements.ts"
"modify_element","Move, rotate, or mirror elements in the model.","WRITE","Generic / input-selected","data?:object","tool/rawTool response wrapping Revit command result or structured error","Mutates Revit model/view or creates an external file","Zod input schema; command/plugin checks","KEEP + route through policy/audit wrapper","server/src/tools/modify_element.ts"
"modify_schedule","Modify an existing Revit schedule: add/remove fields, set/clear filters, set/clear sorting, rename, or change display options.","WRITE","Schedules","scheduleId?:schema; scheduleName?:schema; action:schema; fieldNames?:string; filters?:object; sortFields?:object; newName?:schema; showTitle?:schema; showHeaders?:schema; showGridLines?:schema; isItemized?:schema","tool/rawTool response wrapping Revit command result or structured error","Mutates Revit model/view or creates an external file","Zod input schema; command/plugin checks","KEEP + route through policy/audit wrapper","server/src/tools/modify_schedule.ts"
"navigate_view","Navigate views: activate a view, zoom to fit, zoom to specific elements, zoom in/out, or close a view.","MIXED","Views","action:enum; viewId?:number; viewName?:string; elementIds?:array; zoomFactor?:number","tool/rawTool response wrapping Revit command result or structured error","Depends on action; may mutate Revit","Zod input schema; command/plugin checks","KEEP + route through policy/audit wrapper","server/src/tools/navigate_view.ts"
"nbs_clone_project","Create a new NBS project by cloning an existing project and its setup (documented Pro feature). Not blank-project creation. Only call when the user requested a new project with this name/template. Does not connect the Revit model. On timeout, check nbs_list_projects before retrying to avoid duplicate projects.","WRITE","NBS / project metadata","templateProjectId:union; name:string","rawToolResponse/rawToolError with NBS/Revit JSON summary","Mutates NBS and/or Revit project link","Zod input schema; command/plugin checks","KEEP + route through policy/audit wrapper","server/src/tools/nbs_project_connection.ts"
"nbs_connect_project","Connect the active Revit model to an accessible NBS project and create the official NBS type/instance parameter bindings in one operation. Saves the project ID in the model; save the RVT to persist. Repeated connection to the same project is safe. Will not silently migrate an already linked model to a different project.","WRITE","NBS / project metadata","projectId:union; expectedModelKey?:string","rawToolResponse/rawToolError with NBS/Revit JSON summary","Mutates NBS and/or Revit project link","Zod; API access; model identity; project migration guard; GUID/binding conflict and duplicate checks","KEEP + route through policy/audit wrapper","server/src/tools/nbs_project_connection.ts"
"nbs_create_component","Create an NBS Nordic building component.","WRITE","NBS / project metadata","projectId?:string; name:string; structure?:string; classificationcode?:schema; discipline_id?:number; measure_id?:number; active?:union=1; description?:string","rawToolResponse/rawToolError with NBS/Revit JSON summary","Mutates NBS and/or Revit project link","Zod/NBS schema; rejects classification code with embedded serial before HTTP","KEEP + route through policy/audit wrapper","server/src/tools/nbs_create_component.ts"
"nbs_get_documents","List or fetch NBS Nordic documents.","READ","NBS / project metadata","projectId?:string; documentId?:string","rawToolResponse/rawToolError with NBS/Revit JSON summary","None expected","Zod input schema; command/plugin checks","KEEP","server/src/tools/nbs_get_documents.ts"
"nbs_get_project","Get an NBS Nordic project by ID, or the project connected to the active Revit model.","READ","NBS / project metadata","projectId?:string","rawToolResponse/rawToolError with NBS/Revit JSON summary","None expected","Zod input schema; command/plugin checks","KEEP","server/src/tools/nbs_get_project.ts"
"nbs_list_components","List NBS Nordic building components (bygningsdele). Defaults to the project connected to the active Revit model.","READ","NBS / project metadata","projectId?:string","rawToolResponse/rawToolError with NBS/Revit JSON summary","None expected","Zod input schema; command/plugin checks","KEEP","server/src/tools/nbs_list_components.ts"
"nbs_list_instances","List NBS Nordic model instances.","READ","NBS / project metadata","projectId?:string","rawToolResponse/rawToolError with NBS/Revit JSON summary","None expected","Zod input schema; command/plugin checks","KEEP","server/src/tools/nbs_list_instances.ts"
"nbs_list_projects","List NBS Nordic projects accessible with the configured API key. Requires NBS_API_KEY to be set.","READ","NBS / project metadata","","rawToolResponse/rawToolError with NBS/Revit JSON summary","None expected","Zod input schema; command/plugin checks","KEEP","server/src/tools/nbs_list_projects.ts"
"nbs_lookup_classification","Search NBS classification entries.","READ","NBS / project metadata","query:string; limit?:number=10","rawToolResponse/rawToolError with NBS/Revit JSON summary","None expected","Zod input schema; command/plugin checks","KEEP","server/src/tools/nbs_lookup_classification.ts"
"nbs_push_quantities","Push verified quantity rows to NBS Nordic.","WRITE","NBS / project metadata","projectId?:string; rows:record","rawToolResponse/rawToolError with NBS/Revit JSON summary","Mutates NBS and/or Revit project link","Zod input schema; command/plugin checks","KEEP + route through policy/audit wrapper","server/src/tools/nbs_push_quantities.ts"
"nbs_push_schedule","Push a Revit schedule payload to NBS Nordic.","WRITE","NBS / project metadata","projectId?:string; name:string; revitId:string; rows:array","rawToolResponse/rawToolError with NBS/Revit JSON summary","Mutates NBS and/or Revit project link","Zod input schema; command/plugin checks","KEEP + route through policy/audit wrapper","server/src/tools/nbs_push_schedule.ts"
"operate_element","Perform operations: select, color, hide, unhide, pin, unpin, etc.","MIXED","Generic / input-selected","data:number=50","tool/rawTool response wrapping Revit command result or structured error","Depends on action; may mutate Revit","Zod input schema; command/plugin checks","KEEP + route through policy/audit wrapper","server/src/tools/operate_element.ts"
"override_graphics","Override element graphics (color, lineweight, pattern, transparency).","WRITE","Generic / input-selected","elementIds:number; viewId?:schema; action?:schema; projectionLineColor?:number; surfaceForegroundColor?:number; transparency?:schema; halftone?:boolean; projectionLineWeight?:schema","tool/rawTool response wrapping Revit command result or structured error","Mutates Revit model/view or creates an external file","Zod input schema; command/plugin checks","KEEP + route through policy/audit wrapper","server/src/tools/override_graphics.ts"
"place_viewport","Place a view on a sheet at specified coordinates.","WRITE","Sheets / viewports","sheetId:number; viewId:number; positionX:schema; positionY:schema","tool/rawTool response wrapping Revit command result or structured error","Mutates Revit model/view or creates an external file","Zod input schema; command/plugin checks","KEEP + route through policy/audit wrapper","server/src/tools/place_viewport.ts"
"purge_unused","Find and remove unused families, types, and materials.","WRITE","Generic / input-selected","dryRun?:schema; maxElements?:schema","tool/rawTool response wrapping Revit command result or structured error","Mutates Revit model/view or creates an external file","Zod input schema; command/plugin checks; dryRun preview available","KEEP + route through policy/audit wrapper","server/src/tools/purge_unused.ts"
"query_stored_data","Query data previously stored via store_project_data.","READ","Local/project storage","query_type:enum; project_id?:number; project_name?:string","rawToolResponse/rawToolError with storage result","None expected","Zod input schema; command/plugin checks","KEEP","server/src/tools/query_stored_data.ts"
"rename_families","Rename loaded families with find/replace or prefix/suffix.","WRITE","Dynamic category/categories","operation:schema; prefix?:schema; suffix?:schema; findText?:schema; replaceText?:schema; categories?:string; scope?:schema=""whole_model""; renameTypes?:schema=false; dryRun?:schema=true","tool/rawTool response wrapping Revit command result or structured error","Mutates Revit model/view or creates an external file","Zod input schema; command/plugin checks; dryRun preview available","KEEP + route through policy/audit wrapper","server/src/tools/rename_families.ts"
"rename_views","Rename views using find/replace, prefix, suffix, or regex.","WRITE","Views","operation:schema; prefix?:schema; suffix?:schema; findText?:schema; replaceText?:schema; viewTypes?:enum; filterName?:schema; dryRun?:schema=true","tool/rawTool response wrapping Revit command result or structured error","Mutates Revit model/view or creates an external file","Zod input schema; command/plugin checks; dryRun preview available","KEEP + route through policy/audit wrapper","server/src/tools/rename_views.ts"
"rename_workset","Rename an existing user workset.","WRITE","Worksets","currentName:string; newName:schema","tool/rawTool response wrapping Revit command result or structured error","Mutates Revit model/view or creates an external file","Zod input schema; command/plugin checks","KEEP + route through policy/audit wrapper","server/src/tools/rename_workset.ts"
"renumber_elements","Renumber rooms, doors, windows, or parking by location or name.","WRITE","Generic / input-selected","elementIds?:number; targetCategory?:schema; parameterName?:schema; startNumber?:schema; prefix?:string; suffix?:string; increment?:number; sortBy?:schema; dryRun?:schema","tool/rawTool response wrapping Revit command result or structured error","Mutates Revit model/view or creates an external file","Zod input schema; command/plugin checks; dryRun preview available","KEEP + route through policy/audit wrapper","server/src/tools/renumber_elements.ts"
"save_selection","Save the current element selection with a name for later recall.","WRITE","Generic / input-selected","name:schema; elementIds?:number; overwrite?:schema=false","tool/rawTool response wrapping Revit command result or structured error","Mutates Revit model/view or creates an external file","Zod input schema; command/plugin checks","KEEP + route through policy/audit wrapper","server/src/tools/save_selection.ts"
"say_hello","Display a greeting dialog in Revit. Tests MCP connection.","WRITE","Generic / input-selected","message?:schema","tool/rawTool response wrapping Revit command result or structured error","Mutates Revit model/view or creates an external file","Zod input schema; command/plugin checks","KEEP + route through policy/audit wrapper","server/src/tools/say_hello.ts"
"section_box_from_selection","Set or create a 3D section box fitted around selected elements.","WRITE","Generic / input-selected","elementIds?:number; useCurrentSelection?:schema; offsetMm?:schema; duplicateView?:schema; viewName?:schema; isolateElements?:schema","tool/rawTool response wrapping Revit command result or structured error","Mutates Revit model/view or creates an external file","Zod input schema; command/plugin checks","KEEP + route through policy/audit wrapper","server/src/tools/section_box_from_selection.ts"
"send_code_to_revit","Execute custom C# code in Revit. Your code runs inside a static method with signature: `public static object Execute(Document document, object[] parameters)`. Available variables: `document` (Autodesk.Revit.DB.Document — the active document), `parameters` (object[] — optional args). Auto-imported namespaces: System, System.Linq, Autodesk.Revit.DB, Autodesk.Revit.UI, System.Collections.Generic. Use `return` to send results back. In 'auto' mode your code runs inside a Transaction; use 'none' to manage transactions yourself.","WRITE","Generic / input-selected","code:schema; parameters?:string; transactionMode:schema=""auto""","tool/rawTool response wrapping Revit command result or structured error","Mutates Revit model/view or creates an external file","Zod and transactionMode only; arbitrary code remains high risk","KEEP; deny in agent allow-list by default","server/src/tools/send_code_to_revit.ts"
"set_active_workset","Set the active workset. New elements will be created in this workset.","WRITE","Worksets","worksetName:schema","tool/rawTool response wrapping Revit command result or structured error","Mutates Revit model/view or creates an external file","Zod input schema; command/plugin checks","KEEP + route through policy/audit wrapper","server/src/tools/set_active_workset.ts"
"set_compound_structure","Set or replace the compound structure (layer stratigraphy) of a system family type. Optionally duplicate the type first to avoid modifying all instances.","WRITE","Dynamic category/categories","typeId?:schema; typeName?:schema; category?:schema; duplicateAsName?:schema; layers?:object","tool/rawTool response wrapping Revit command result or structured error","Mutates Revit model/view or creates an external file","Zod input schema; command/plugin checks","KEEP + route through policy/audit wrapper","server/src/tools/set_compound_structure.ts"
"set_element_parameters","Set a parameter value on one or more elements.","WRITE","Dynamic category/categories","requests:object","tool/rawTool response wrapping Revit command result or structured error","Mutates Revit model/view or creates an external file","Zod input schema; command/plugin checks","KEEP + route through policy/audit wrapper","server/src/tools/set_element_parameters.ts"
"set_element_phase","Assign created/demolished phase to elements.","WRITE","Generic / input-selected","requests?:object","tool/rawTool response wrapping Revit command result or structured error","Mutates Revit model/view or creates an external file","Zod input schema; command/plugin checks","KEEP + route through policy/audit wrapper","server/src/tools/set_element_phase.ts"
"set_element_workset","Move elements to a different workset.","WRITE","Worksets","requests:object","tool/rawTool response wrapping Revit command result or structured error","Mutates Revit model/view or creates an external file","Zod input schema; command/plugin checks","KEEP + route through policy/audit wrapper","server/src/tools/set_element_workset.ts"
"set_material_appearance","Modify the visual appearance of a material: shading color, transparency, shininess, smoothness, pattern colors, and rendering properties (diffuse color, glossiness).","WRITE","Materials","materialId?:schema; materialName?:schema; colorR?:schema; colorG?:schema; colorB?:schema; transparency?:schema; shininess?:schema; smoothness?:schema; useRenderAppearanceForShading?:schema; surfacePatternColorR?:schema; surfacePatternColorG?:schema; surfacePatternColorB?:schema; cutPatternColorR?:schema; cutPatternColorG?:schema; cutPatternColorB?:schema; renderColorR?:schema; renderColorG?:schema; renderColorB?:schema; renderTransparency?:schema; renderGlossiness?:schema","tool/rawTool response wrapping Revit command result or structured error","Mutates Revit model/view or creates an external file","Zod input schema; command/plugin checks","KEEP + route through policy/audit wrapper","server/src/tools/set_material_appearance.ts"
"set_material_assets","Modify the structural and/or thermal asset properties of a material. Values are in Revit internal units (metric: kg, m, Pa, W, etc.).","WRITE","Materials","materialId?:schema; materialName?:schema; density?:schema; youngModulus?:schema; poissonRatio?:schema; shearModulus?:schema; thermalExpansionCoefficient?:schema; minimumYieldStress?:schema; minimumTensileStrength?:schema; behavior?:schema; thermalConductivity?:schema; specificHeat?:schema; thermalDensity?:schema; emissivity?:schema; permeability?:schema; porosity?:schema","tool/rawTool response wrapping Revit command result or structured error","Mutates Revit model/view or creates an external file","Zod input schema; command/plugin checks","KEEP + route through policy/audit wrapper","server/src/tools/set_material_assets.ts"
"set_material_properties","Set identity and product information on Revit materials (Comments, Description, Manufacturer, Model, URL, Cost, Mark, Keynote, Name). Preview with dryRun=true.","WRITE","Materials","requests?:object; dryRun?:schema=true","tool/rawTool response wrapping Revit command result or structured error","Mutates Revit model/view or creates an external file","Zod input schema; command/plugin checks; dryRun preview available","KEEP + route through policy/audit wrapper","server/src/tools/set_material_properties.ts"
"set_view_crop","Control the crop box of a view: enable/disable, set bounds from elements with offset or explicit coordinates, show/hide crop boundary.","WRITE","Views","viewId?:number; cropActive?:boolean; cropVisible?:boolean; elementIds?:array; offsetMm?:number=300; minXMm?:number; minYMm?:number; maxXMm?:number; maxYMm?:number; reset?:boolean","tool/rawTool response wrapping Revit command result or structured error","Mutates Revit model/view or creates an external file","Zod input schema; command/plugin checks","KEEP + route through policy/audit wrapper","server/src/tools/set_view_crop.ts"
"store_project_data","Store key-value data in the Revit project as extensible storage.","WRITE","Local/project storage","project_name:string; project_path?:string; project_number?:string; project_address?:string; client_name?:string; project_status?:string; author?:string; metadata?:record","rawToolResponse/rawToolError with storage result","Writes project/extensible or local data","Zod input schema; command/plugin checks","KEEP + route through policy/audit wrapper","server/src/tools/store_project_data.ts"
"store_room_data","Store custom key-value data on room elements.","WRITE","Rooms","project_name:string; rooms:array","rawToolResponse/rawToolError with storage result","Writes project/extensible or local data","Zod input schema; command/plugin checks","KEEP + route through policy/audit wrapper","server/src/tools/store_room_data.ts"
"sync_csv_parameters","Sync element parameters with a CSV file (import/export/roundtrip).","WRITE","Dynamic category/categories","data:object; dryRun?:schema=true","tool/rawTool response wrapping Revit command result or structured error","Mutates Revit model/view or creates an external file","Zod input schema; command/plugin checks; dryRun preview available","KEEP + route through policy/audit wrapper","server/src/tools/sync_csv_parameters.ts"
"sync_revit_types_to_nbs","On-demand NBS-to-Revit parameter sync. Link mode (Type Only / Instance Only / Type and Instance) and the set of NBS fields to write default to what the user saved for this model in Revit Settings > NBS Nordic, falling back to the Link Type the official NBS addin stored in the model; pass them explicitly to override for one call. Type and instance links are independent; never overwrite an instance link from its type. Uses the NBS project saved in the active model. Can write NBS component IDs, full classification, name, date and published document links. NOT the official NBS addin's two-way Sync Now: does not upload models/quantities, create components or change native addin settings. NBS data model (verified 2026-09-09): a building component's serial (.001, .002 ...) identifies the component, not an element; NBS links components per Revit type (category) and its instances carry only quantities, so there is no per-element numbering to allocate. Defaults to preview; writes are model-guarded, verified and atomic.","WRITE","Dynamic BuiltInCategory; type + instance","category:string; linkMode?:enum; fields?:array; projectId?:union; maxTypes:number=500; dryRun:boolean=true; explicitMapping?:record; explicitInstanceMapping?:record; inheritTypeForUnlinkedInstances:boolean=false","rawToolResponse/rawToolError with NBS/Revit JSON summary","Mutates validated NBS parameters in Revit","Zod; project/model guards; explicit linkMode resolution; mapping confidence; allow-listed parameters; optimistic concurrency; atomic transaction; read-back verification","KEEP + EXTEND audit logging","server/src/tools/sync_revit_types_to_nbs.ts"
"tag_all_rooms","Tag rooms in the current view with room tags.","WRITE","Rooms","useLeader?:schema=false; tagTypeId?:schema; roomIds?:number","tool/rawTool response wrapping Revit command result or structured error","Mutates Revit model/view or creates an external file","Zod input schema; command/plugin checks","KEEP + route through policy/audit wrapper","server/src/tools/tag_all_rooms.ts"
"tag_all_walls","Tag walls in the current view with wall tags.","WRITE","Walls","useLeader?:schema=false; tagTypeId?:schema","tool/rawTool response wrapping Revit command result or structured error","Mutates Revit model/view or creates an external file","Zod input schema; command/plugin checks","KEEP + route through policy/audit wrapper","server/src/tools/tag_all_walls.ts"
"transfer_parameters","Copy parameter values between elements of different categories.","WRITE","Dynamic category/categories","sourceElementId:number; targetElementIds:array; parameterNames?:array; includeType?:boolean; dryRun?:boolean=true","tool/rawTool response wrapping Revit command result or structured error","Mutates Revit model/view or creates an external file","Zod input schema; command/plugin checks; dryRun preview available","KEEP + route through policy/audit wrapper","server/src/tools/transfer_parameters.ts"
"wipe_empty_tags","Find and remove tags that have empty text or reference deleted/invalid elements. DESTRUCTIVE: defaults to dryRun=true (preview only). Set dryRun=false to actually delete empty tags.","WRITE","Dynamic category/categories","dryRun?:schema; viewId?:schema; categories?:string","tool/rawTool response wrapping Revit command result or structured error","Mutates Revit model/view or creates an external file","Zod input schema; command/plugin checks; dryRun preview available","KEEP + route through policy/audit wrapper","server/src/tools/wipe_empty_tags.ts"
"workflow_clash_review","Detect clashes between two categories and visualize results.","WRITE","Views","categoryA:string; categoryB:string; tolerance?:number=0; createSectionBox?:boolean=true","tool/rawTool response wrapping Revit command result or structured error","Mutates Revit model/view or creates an external file","Zod input schema; command/plugin checks","KEEP + route through policy/audit wrapper","server/src/tools/workflow_clash_review.ts"
"workflow_data_roundtrip","Export parameters to CSV, edit externally, and re-import.","READ","Dynamic category/categories","categories?:array; parameterNames?:array; includeTypeParameters?:boolean=false; filePath?:string","tool/rawTool response wrapping Revit command result or structured error","No Revit mutation; may write an export file","Zod input schema; command/plugin checks","KEEP","server/src/tools/workflow_data_roundtrip.ts"
"workflow_model_audit","Run a comprehensive model health audit with scoring.","WRITE","Generic / input-selected","includeWarnings?:boolean=true; includeFamilies?:boolean=true; maxWarnings?:number=50","tool/rawTool response wrapping Revit command result or structured error","Mutates Revit model/view or creates an external file","Zod input schema; command/plugin checks","KEEP + route through policy/audit wrapper","server/src/tools/workflow_model_audit.ts"
"workflow_room_documentation","Auto-generate room documentation: plans, sections, schedules.","WRITE","Rooms","levelName?:string; createSections?:boolean=true; offset?:number=300","tool/rawTool response wrapping Revit command result or structured error","Mutates Revit model/view or creates an external file","Zod input schema; command/plugin checks","KEEP + route through policy/audit wrapper","server/src/tools/workflow_room_documentation.ts"
"workflow_sheet_set","Auto-create sheets from views with title blocks and viewports.","WRITE","Sheets / viewports","sheets:array; titleBlockName?:string","tool/rawTool response wrapping Revit command result or structured error","Mutates Revit model/view or creates an external file","Zod input schema; command/plugin checks","KEEP + route through policy/audit wrapper","server/src/tools/workflow_sheet_set.ts"
